361,14052020,,40
362,30052003,11112016,
363,28052018,,30
364,06112010,,30
365,13012014,15052016,
366,09092014,27042014,
367,25012018,,35
368,27102010,,30
369,13012010,,25
370,18122019,,40
371,18022005,17102012,
372,21042014,12102021,
373,27102019,,40
374,26122008,,40
375,29112008,,25
376,28042004,11052007,
377,21102014,,30
378,09032011,12052015,
379,02052016,,30
380,22012006,,30
381,20032014,13042016,
382,11022016,19122020,
383,14022020,,35
384,26072005,24022014,
385,19122007,27112012,
386,19122007,,40
387,27072016,,35
388,13082013,15092021,
389,29112009,14082019,
390,04122012,,40
391,17042008,27042010,
392,02042007,02072016,
393,05112019,15062020,
394,30042015,22122017,
395,13092009,22012018,
396,14042008,10022012,
397,08032010,12122014,
